Cluster ID,Match Start,Match Stop,Duration,Match Score,Query Path
1,18.488,34.92,16.43,208,panako/noon/clips/20260109/clip_000006_018000.mp3
1,20.784,38.064,17.28,179,panako/noon/clips/20260109/clip_000007_021000.mp3
2,774.84,788.264,13.42,444,panako/noon/clips/20260109/clip_000140_420000.mp3
2,789.84,809.16,19.32,798,panako/noon/clips/20260109/clip_000147_441000.mp3
2,798.8,818.024,19.22,125,panako/noon/clips/20260109/clip_000150_450000.mp3
2,802.16,821.168,19.01,346,panako/noon/clips/20260109/clip_000151_453000.mp3
3,5330.304,5349.68,19.38,1070,panako/noon/clips/20260109/clip_000577_1731000.mp3
3,1754.272,1772.624,18.35,498,panako/noon/clips/20260109/clip_000585_1755000.mp3
3,1766.904,1785.648,18.74,185,panako/noon/clips/20260109/clip_000589_1767000.mp3
3,1781.248,1800.8,19.55,483,panako/noon/clips/20260109/clip_000594_1782000.mp3
3,1802.48,1821.472,18.99,142,panako/noon/clips/20260109/clip_000601_1803000.mp3
3,1811.232,1830.496,19.26,118,panako/noon/clips/20260109/clip_000604_1812000.mp3
3,1815.952,1833.328,17.38,1113,panako/noon/clips/20260109/clip_000605_1815000.mp3
3,1817.072,1836.232,19.16,1059,panako/noon/clips/20260109/clip_000606_1818000.mp3
3,1825.928,1837.552,11.62,519,panako/noon/clips/20260109/clip_000609_1827000.mp3
4,3060.168,3078.208,18.04,714,panako/noon/clips/20260109/clip_001025_3075000.mp3
4,3073.912,3093.424,19.51,929,panako/noon/clips/20260109/clip_001030_3090000.mp3
4,3076.912,3096.352,19.44,975,panako/noon/clips/20260109/clip_001031_3093000.mp3
4,3085.952,3105.136,19.18,793,panako/noon/clips/20260109/clip_001034_3102000.mp3
4,3097.952,3117.136,19.18,664,panako/noon/clips/20260109/clip_001038_3114000.mp3
4,3100.88,3120.608,19.73,734,panako/noon/clips/20260109/clip_001039_3117000.mp3
4,3106.984,3126.424,19.44,756,panako/noon/clips/20260109/clip_001041_3123000.mp3
4,3125.48,3144.48,19.0,745,panako/noon/clips/20260109/clip_001047_3141000.mp3
4,3136.936,3156.352,19.42,881,panako/noon/clips/20260109/clip_001051_3153000.mp3
4,3149.696,3167.936,18.24,478,panako/noon/clips/20260109/clip_001055_3165000.mp3
4,3152.256,3171.04,18.78,645,panako/noon/clips/20260109/clip_001056_3168000.mp3
4,3163.928,3178.816,14.89,615,panako/noon/clips/20260109/clip_001060_3180000.mp3
4,3187.416,3206.632,19.22,183,panako/noon/clips/20260109/clip_001068_3204000.mp3
5,3500.32,3519.728,19.41,472,panako/noon/clips/20260109/clip_001167_3501000.mp3
5,3509.704,3528.864,19.16,1325,panako/noon/clips/20260109/clip_001170_3510000.mp3
5,3515.32,3534.88,19.56,1503,panako/noon/clips/20260109/clip_001172_3516000.mp3
5,3518.328,3537.68,19.35,1650,panako/noon/clips/20260109/clip_001173_3519000.mp3
5,3527.44,3546.176,18.74,1005,panako/noon/clips/20260109/clip_001176_3528000.mp3
5,5359.304,5378.56,19.26,556,panako/noon/clips/20260109/clip_001185_3555000.mp3
5,3557.352,3576.752,19.4,601,panako/noon/clips/20260109/clip_001186_3558000.mp3
5,3560.296,3579.808,19.51,667,panako/noon/clips/20260109/clip_001187_3561000.mp3
5,3581.344,3600.848,19.5,471,panako/noon/clips/20260109/clip_001194_3582000.mp3
5,7190.488,7209.136,18.65,706,panako/noon/clips/20260109/clip_001197_3591000.mp3
5,3618.84,3636.672,17.83,670,panako/noon/clips/20260109/clip_001206_3618000.mp3
5,3623.264,3642.832,19.57,861,panako/noon/clips/20260109/clip_001208_3624000.mp3
5,3629.264,3648.408,19.14,711,panako/noon/clips/20260109/clip_001210_3630000.mp3
6,3799.68,3812.736,13.06,489,panako/noon/clips/20260109/clip_001272_3816000.mp3
6,3802.176,3821.68,19.5,665,panako/noon/clips/20260109/clip_001275_3825000.mp3
6,3805.24,3824.768,19.53,500,panako/noon/clips/20260109/clip_001276_3828000.mp3
6,3817.208,3836.784,19.58,580,panako/noon/clips/20260109/clip_001280_3840000.mp3
6,3820.44,3839.8,19.36,744,panako/noon/clips/20260109/clip_001281_3843000.mp3
6,3841.192,3860.688,19.5,452,panako/noon/clips/20260109/clip_001288_3864000.mp3
6,3848.184,3866.576,18.39,470,panako/noon/clips/20260109/clip_001290_3870000.mp3
6,3853.192,3872.672,19.48,443,panako/noon/clips/20260109/clip_001292_3876000.mp3
6,3859.72,3878.664,18.94,522,panako/noon/clips/20260109/clip_001294_3882000.mp3
6,3868.36,3887.832,19.47,627,panako/noon/clips/20260109/clip_001297_3891000.mp3
6,3889.544,3908.808,19.26,544,panako/noon/clips/20260109/clip_001304_3912000.mp3
6,3895.456,3914.6,19.14,555,panako/noon/clips/20260109/clip_001306_3918000.mp3
6,3898.168,3917.52,19.35,526,panako/noon/clips/20260109/clip_001307_3921000.mp3
6,3907.176,3926.624,19.45,540,panako/noon/clips/20260109/clip_001310_3930000.mp3
6,3910.272,3929.76,19.49,588,panako/noon/clips/20260109/clip_001311_3933000.mp3
6,3913.184,3932.736,19.55,893,panako/noon/clips/20260109/clip_001312_3936000.mp3
6,3928.384,3947.648,19.26,1307,panako/noon/clips/20260109/clip_001317_3951000.mp3
6,3940.192,3958.648,18.46,1137,panako/noon/clips/20260109/clip_001321_3963000.mp3
6,4238.344,4255.344,17.0,904,panako/noon/clips/20260109/clip_001328_3984000.mp3
6,4244.392,4255.344,10.95,607,panako/noon/clips/20260109/clip_001330_3990000.mp3
7,1104.816,1123.4,18.58,578,panako/noon/clips/20260109/clip_001451_4353000.mp3
8,5315.76,5328.72,12.96,571,panako/noon/clips/20260109/clip_001770_5310000.mp3
8,5330.304,5349.68,19.38,1070,panako/noon/clips/20260109/clip_001777_5331000.mp3
8,5345.432,5364.712,19.28,506,panako/noon/clips/20260109/clip_001782_5346000.mp3
8,5351.296,5370.776,19.48,458,panako/noon/clips/20260109/clip_001784_5352000.mp3
8,3555.344,3574.736,19.39,667,panako/noon/clips/20260109/clip_001787_5361000.mp3
8,5393.488,5412.92,19.43,1080,panako/noon/clips/20260109/clip_001798_5394000.mp3
8,5420.16,5438.744,18.58,553,panako/noon/clips/20260109/clip_001807_5421000.mp3
9,6837.584,6856.616,19.03,369,panako/noon/clips/20260109/clip_002286_6858000.mp3
9,6849.28,6868.392,19.11,308,panako/noon/clips/20260109/clip_002290_6870000.mp3
9,6867.417,6886.672,19.25,463,panako/noon/clips/20260109/clip_002296_6888000.mp3
9,6876.072,6895.68,19.61,377,panako/noon/clips/20260109/clip_002299_6897000.mp3
9,6885.176,6904.368,19.19,379,panako/noon/clips/20260109/clip_002302_6906000.mp3
9,6894.264,6913.512,19.25,319,panako/noon/clips/20260109/clip_002305_6915000.mp3
9,6903.104,6922.528,19.42,273,panako/noon/clips/20260109/clip_002308_6924000.mp3
9,6909.384,6928.504,19.12,349,panako/noon/clips/20260109/clip_002310_6930000.mp3
9,6918.104,6937.36,19.26,373,panako/noon/clips/20260109/clip_002313_6939000.mp3
9,6921.32,6940.192,18.87,396,panako/noon/clips/20260109/clip_002314_6942000.mp3
9,6927.048,6946.632,19.58,368,panako/noon/clips/20260109/clip_002316_6948000.mp3
10,7019.672,7034.24,14.57,622,panako/noon/clips/20260109/clip_002338_7014000.mp3
10,7022.672,7034.24,11.57,559,panako/noon/clips/20260109/clip_002339_7017000.mp3
11,7106.712,7125.712,19.0,993,panako/noon/clips/20260109/clip_002369_7107000.mp3
11,7109.704,7128.752,19.05,919,panako/noon/clips/20260109/clip_002370_7110000.mp3
11,7112.36,7131.752,19.39,965,panako/noon/clips/20260109/clip_002371_7113000.mp3
11,7130.32,7149.584,19.26,928,panako/noon/clips/20260109/clip_002377_7131000.mp3
11,7133.249,7152.72,19.47,885,panako/noon/clips/20260109/clip_002378_7134000.mp3
11,7139.232,7158.744,19.51,742,panako/noon/clips/20260109/clip_002380_7140000.mp3
11,7161.0,7177.904,16.9,361,panako/noon/clips/20260109/clip_002386_7158000.mp3
11,7164.952,7182.864,17.91,367,panako/noon/clips/20260109/clip_002388_7164000.mp3
11,7179.672,7199.168,19.5,491,panako/noon/clips/20260109/clip_002393_7179000.mp3
11,7182.864,7201.792,18.93,573,panako/noon/clips/20260109/clip_002394_7182000.mp3
11,7188.752,7208.145,19.39,623,panako/noon/clips/20260109/clip_002396_7188000.mp3
